"","Arr2","Arr3","num"
"1",0.279637003581454,0.298730057306552,1
"2",0.249000229729014,0.243446387907684,2
"3",0.212254032168297,0.197807334662974,3
"4",0.17166605808025,0.171734423507203,4
"5",0.200318257605481,0.180593777323131,5
"6",0.212919829097669,0.196591592266459,6
"7",0.216725570669014,0.196205441026115,7
"8",0.220307531984915,0.200474818294341,8
"9",0.221189999536267,0.198650891177797,9
"10",0.348007399041469,0.32134425729442,10
"11",0.371324801189644,0.357765658305985,11
"12",0.332312814710662,0.298777342256909,12
"13",0.335576475454773,0.313412817613073,13
"14",0.19936426031876,0.17848813162676,14
"15",0.185037483589544,0.170988860165454,15
"16",0.137040740331405,0.129874282299664,16
"17",0.136296400273883,0.129831346179898,17
"18",0.140259435133219,0.136666787888903,18
"19",0.130274818051433,0.126553035796124,19
"20",0.215319919554807,0.204808805248409,20
"21",0.190746574262887,0.197634781196242,21
"22",0.156913623592578,0.159877085625045,22
"23",0.170156638601721,0.148371897859516,23
"24",0.183734122837017,0.156615671198167,24
"25",0.171486417282328,0.161781870061565,25
"26",0.230671003277438,0.244791732614127,26
"27",0.330587052724934,0.34655508014871,27
"28",0.369195487552501,0.418584772979851,28
"29",0.323326199785675,0.359536809636358,29
"30",0.203842384900889,0.207783706721178,30
"31",0.205987580979057,0.191223449102811,31
"32",0.206533737338621,0.216444471784469,32
"33",0.182425745850933,0.179976794995488,33
"34",0.163111854356116,0.158831538569904,34
"35",0.141105124824639,0.119994825121182,35
"36",0.130524761727166,0.12029232505783,36
"37",0.141860595876284,0.130011319961319,37
"38",0.191414544069301,0.17324421169966,38
"39",0.244037475277069,0.237092219075022,39
"40",0.35753515136274,0.355510155049628,40
"41",0.487227413660214,0.568547376476425,41
"42",0.682847212217744,0.68780111802243,42
"43",0.533959934677616,0.583783204231203,43
"44",0.4738031526666,0.461685920259707,44
"45",0.819358190862363,0.718866863379972,45
"46",0.934447839499582,1.08827003599244,46
"47",0.387284228495456,0.389325234779873,47
"48",0.309569943081729,0.310631331148841,48
"49",0.188411413760019,0.185075885454851,49
"50",0.167260004877281,0.165270887910267,50
"51",0.136510992657846,0.132109518532198,51
"52",0.165953227029884,0.152687408797492,52
"53",0.13651935121307,0.138243154175443,53
"54",0.159738687220839,0.166187036486916,54
"55",0.140417437350317,0.15520074107659,55
"56",0.179590319533602,0.175888007209855,56
"57",0.160621529542758,0.155452659043079,57
"58",0.239935512734767,0.224021658541597,58
"59",0.288457420352906,0.266346842566218,59
"60",0.402675156337381,0.395273010307808,60
"61",0.510911177318428,0.548804900947012,61
"62",0.532973402093887,0.448238151483867,62
"63",0.812286186862563,0.75030673589325,63
"64",0.681652131336666,0.732466219707892,64
"65",0.502694263653299,0.525973265537546,65
"66",0.652841937063003,0.695006974472796,66
"67",1.07062665226001,1.2172648830288,67
"68",1.1331564936291,1.16421611445026,68
"69",1.61622142886704,1.2094202761932,69
"70",1.05779431684491,1.00977246010665,70
"71",0.537924304978995,0.528349486521915,71
"72",0.474412189686165,0.423914996452448,72
"73",0.363062739788502,0.300760826960552,73
"74",0.207394927940449,0.23105399913561,74
"75",0.223460722756129,0.209422212865875,75
"76",0.23296750939622,0.216227601752193,76
"77",0.21210068012987,0.219241086427642,77
"78",0.20782087194997,0.213236202125999,78
"79",0.219483191686629,0.207596923102939,79
"80",0.245916396262525,0.237366451429701,80
"81",0.204199407707121,0.207897389498969,81
"82",0.20080028015401,0.189017729545833,82
"83",0.279150053569095,0.251363382976695,83
"84",0.524251252549973,0.456744254190346,84
"85",0.452893067695735,0.390523005074841,85
"86",1.05874882500805,1.10917260503917,86
"87",1.06616699917778,1.18743093957962,87
"88",0.649157814490045,0.904476357492634,88
"89",0.689496431610345,0.753378129684859,89
"90",0.623368811883746,0.669643267034485,90
"91",0.964701992980762,1.07506129982873,91
"92",0.919788796105587,0.910711322614535,92
"93",0.472024476546443,0.44807648628873,93
"94",0.330480270872466,0.321112357413227,94
"95",0.323958247484666,0.283635887106231,95
"96",0.246741994034627,0.200350697721352,96
"97",0.198374268387348,0.172073890418309,97
"98",0.27728147279068,0.238241393109369,98
"99",0.295019012421492,0.253027825552795,99
"100",0.235218860003507,0.210862974939814,100
"101",0.274396673818421,0.251090233589711,101
"102",0.421787113042435,0.39452220284118,102
"103",0.47945824152351,0.410315123117083,103
"104",0.429240310346625,0.383348929000355,104
"105",0.588397674375662,0.503720539588796,105
"106",0.497478326258044,0.435606278026993,106
"107",0.354505023392432,0.323681812349608,107
"108",0.204468709026443,0.186349174928328,108
"109",0.197146468378931,0.178035569715215,109
"110",0.152079061775549,0.146592836517243,110
"111",0.184513154253602,0.176722491906256,111
"112",0.187464608913689,0.182219942196684,112
"113",0.205198505280486,0.206793726353382,113
"114",0.239119256630791,0.246660438502156,114
"115",0.249865779883035,0.269256090098789,115
"116",0.281959907477685,0.295728291844334,116
"117",0.278843010501952,0.295809598607749,117
"118",0.261125547415886,0.26349540061774,118
"119",0.214956557907211,0.204817791255228,119
"120",0.184216101414938,0.18464038638477,120
"121",0.14538630329048,0.136855794667607,121
"122",0.118204816632243,0.11073514319688,122
"123",0.115799315245909,0.116050343414713,123
"124",0.131010264178748,0.137951863294667,124
"125",0.160783349447887,0.173942390218283,125
"126",0.196529441498659,0.207702520798669,126
"127",0.317531114819686,0.326409410768413,127
"128",0.463455848191217,0.446512340960773,128
"129",0.948660190537599,0.964842832059947,129
"130",1.04595069408514,1.05969658317042,130
"131",0.517137985617529,0.542930756279239,131
"132",0.842484486544202,0.885996409944496,132
"133",0.985463244560822,0.932435747286954,133
"134",0.51515947790454,0.492134720140513,134
"135",0.361637465132171,0.330117256171847,135
"136",0.239461827074031,0.244758419906288,136
"137",0.193937838313272,0.187484550128867,137
"138",0.13388703535579,0.123707387520609,138
"139",0.161873318061231,0.14557641934347,139
"140",0.1301137112181,0.133295203951633,140
"141",0.131013698065584,0.140019269561702,141
"142",0.119934097122416,0.129491305717541,142
"143",0.14481995408398,0.154595772120468,143
"144",0.136333033657742,0.125314162273999,144
"145",0.189543535218471,0.171643012194128,145
"146",0.205611979581386,0.201665993419001,146
"147",0.347653952055419,0.328274303235917,147
"148",0.573638504699006,0.46643360346025,148
"149",0.756484293881457,0.73782735113338,149
"150",0.824096213072133,0.633036644142364,150
"151",0.656429307569693,0.588256757011072,151
"152",0.553753135964339,0.50196955120072,152
"153",0.615357507571074,0.5622081721008,153
"154",0.506190869198251,0.388325414685806,154
"155",0.511731308862714,0.39906654023715,155
"156",0.411407006814564,0.404839302243914,156
"157",0.380076249825203,0.361156042471507,157
"158",0.248708594520552,0.23512649232821,158
"159",0.205047122069294,0.180144639606559,159
"160",0.172415138707923,0.160921561087834,160
"161",0.165127711493335,0.176011178482801,161
"162",0.164229377225121,0.179493856095719,162
"163",0.136904866540778,0.142158504717843,163
"164",0.160486858506546,0.145528118069369,164
"165",0.143641455089324,0.127692566107953,165
"166",0.139832404684999,0.125204688962304,166
"167",0.155134358652791,0.142390038086891,167
"168",0.164750331636577,0.151844676776539,168
"169",0.205564399533273,0.189185750722459,169
"170",0.23042487708988,0.235313333958228,170
"171",0.445293728274576,0.396891361647063,171
"172",0.869508792533692,0.705365853150189,172
"173",0.88002781371259,0.677517089456831,173
"174",0.680571650399125,0.565760503996193,174
"175",0.587603735227543,0.500320817647816,175
"176",0.658959392071479,0.735234400482403,176
"177",0.338419191996346,0.373134999244101,177
"178",0.255088409700409,0.241335542254261,178
"179",0.263013875050561,0.256294614821461,179
"180",0.264627833297237,0.252987998013937,180
"181",0.311151318347953,0.319929011416525,181
"182",0.348159374438111,0.356897840700577,182
"183",0.426093196231225,0.431918115031801,183
"184",0.581141507766054,0.52719059291312,184
"185",0.67164291942313,0.75880005250189,185
"186",0.778816485371414,0.957858238241494,186
"187",1.16095610401368,1.5052938535056,187
"188",1.12789095897493,1.40187278782962,188
"189",0.732741738055176,0.887829433022232,189
"190",0.817262746914655,1.00922816407074,190
"191",0.61667121958421,0.697481710296868,191
"192",0.511723240231651,0.565250401572722,192
"193",0.383139018795367,0.387113696405638,193
"194",0.337941216722757,0.323770695130271,194
"195",0.250760728471749,0.232303142802922,195
"196",0.257641319496159,0.241452151783926,196
"197",0.201601018501096,0.182842142002467,197
"198",0.234300504869043,0.217039071025588,198
"199",0.236292043577316,0.224967963483813,199
"200",0.296959610073851,0.280432459550889,200
"201",0.29054688983355,0.275864874932239,201
"202",0.222911332013339,0.206627308644804,202
"203",0.203994982717991,0.199875177570844,203
"204",0.214630006632937,0.217181037076334,204
"205",0.207183041308382,0.197380263275858,205
"206",0.260490885803359,0.261364769836427,206
"207",0.237987923882412,0.262874993783475,207
"208",0.244369183827444,0.255853727236939,208
"209",0.24278029041974,0.247735483268407,209
"210",0.26492978621861,0.226589354958065,210
"211",0.234974140337267,0.220701144198141,211
"212",0.200439454812255,0.187250913924003,212
"213",0.215136760870576,0.204235176138187,213
"214",0.205130663688181,0.191550455589234,214
"215",0.267163927537814,0.245469639744981,215
"216",0.314517472911807,0.268089276110216,216
"217",0.362440929969484,0.341700511995836,217
"218",0.370255799021402,0.371818208799082,218
"219",0.490805917827402,0.507200773227358,219
"220",0.52206632499992,0.561852750048158,220
"221",0.582839153578281,0.680675309227222,221
"222",0.548006650963482,0.611869188260229,222
"223",0.435155356605198,0.470332753319413,223
"224",0.324218364764651,0.339417864313316,224
"225",0.3910323660428,0.403525358194538,225
"226",0.321119378472595,0.340060907596698,226
"227",0.239465119242662,0.235815996007176,227
"228",0.228101737063668,0.218786816662921,228
"229",0.150215070136375,0.159746987569234,229
"230",0.167342601200283,0.201576142952687,230
"231",0.139555278412159,0.150429370031934,231
"232",0.147004408192091,0.153921283601288,232
"233",0.152292420408147,0.155114553672585,233
"234",0.157360412489612,0.162860587536815,234
"235",0.156727917683291,0.160624796664799,235
"236",0.195870333457198,0.194409823694116,236
"237",0.214385056272918,0.199100208533754,237
"238",0.24306867200498,0.22533513940664,238
"239",0.359153388079804,0.339790457445886,239
"240",1.13223106415083,1.1176585132718,240
"241",0.818321327405528,0.742879722331972,241
"242",0.456223344994882,0.431915431744603,242
"243",0.414962127286081,0.409999870300722,243
"244",0.294704820399332,0.291799926072623,244
"245",0.321091373049957,0.291175510308744,245
"246",0.230449344163725,0.207142242290138,246
"247",0.20244774153871,0.226741178577938,247
"248",0.183116657286166,0.194168129972755,248
"249",0.221458214747501,0.228006664903148,249
"250",0.200144869792837,0.200536791764268,250
"251",0.219832151654503,0.225019706774186,251
"252",0.2734781932713,0.268570930862625,252
"253",0.349709815485843,0.360637347047746,253
"254",0.456467338591964,0.428757910238769,254
"255",0.50155691315034,0.489442373642646,255
"256",0.467026439732458,0.522343405814928,256
"257",0.439022480499052,0.478358082816906,257
"258",0.413287735354827,0.415239761490205,258
"259",0.487516239833998,0.514883193464901,259
"260",0.463810815819005,0.480971052534103,260
"261",0.565170858646368,0.610769458205108,261
"262",0.528225700018679,0.584974858487981,262
"263",0.465984761222702,0.4803848938636,263
"264",0.431615782994336,0.439478571761205,264
"265",0.363021091123998,0.357513999172876,265
"266",0.410156494989955,0.366394185530009,266
"267",0.264864932338982,0.266849991621266,267
"268",0.257061124996229,0.250455466482765,268
"269",0.240625684221154,0.230803410980597,269
"270",0.268626649050892,0.259167589184542,270
"271",0.251575363853087,0.258718817197614,271
"272",0.222513164877576,0.240236084155732,272
"273",0.266217800339901,0.268097835883999,273
"274",0.2626521123755,0.270194231010936,274
"275",0.366786411188347,0.407684097617601,275
"276",0.351719999334146,0.369427414882559,276
"277",0.289264734606087,0.29640712880387,277
"278",0.391478442076739,0.426662375054875,278
"279",0.42598248975877,0.472138806696076,279
"280",0.31301765380204,0.334863566926098,280
"281",0.269370621338038,0.283291949287794,281
"282",0.238418530944034,0.261109392805489,282
"283",0.198884028351198,0.210532874952953,283
"284",0.144661419445096,0.151811156227763,284
"285",0.129494791703136,0.136026383766712,285
"286",0.13161282234255,0.129719264724017,286
"287",0.12637029795474,0.131314764712469,287
"288",0.194000133573776,0.190484228185509,288
"289",0.225761736116012,0.216335512539863,289
"290",0.249543153027693,0.259840103399526,290
"291",0.29826141766283,0.286035368755746,291
"292",0.21723699008255,0.208431078225641,292
"293",0.241915443576772,0.235065586410564,293
"294",0.262480983301711,0.270471149573789,294
"295",0.228371198703269,0.224765957673459,295
"296",0.16363124254042,0.165950815437356,296
"297",0.142558954939052,0.130562442416923,297
"298",0.156088590890355,0.153977174289157,298
"299",0.138343011219902,0.145319405784943,299
"300",0.170177159467741,0.163072193495431,300
"301",0.293749304921227,0.285512757139726,301
"302",0.364231893356763,0.34664400065319,302
"303",0.38447728849446,0.409573564371138,303
"304",0.751580371623905,0.787788457807843,304
"305",0.744849753989763,1.17818803087372,305
"306",0.657618397423943,0.659304335956637,306
"307",1.30052172922918,1.10640326217546,307
"308",0.76723887873168,0.662692419500383,308
"309",0.753581983083731,0.635188159443182,309
"310",0.339538096512143,0.28989040209404,310
"311",0.246275227298542,0.233508577220598,311
"312",0.184565015896818,0.171792472411524,312
"313",0.165598261078265,0.16407134427045,313
"314",0.163345300392396,0.167277982478074,314
"315",0.143056043103239,0.146472147811108,315
"316",0.158648847802703,0.16707214907387,316
"317",0.161435128777849,0.168187616344131,317
"318",0.161417008828118,0.158764334111158,318
"319",0.131649743588769,0.143048243266707,319
"320",0.14268589309116,0.154323959532098,320
"321",0.130020332020294,0.1382806052293,321
"322",0.184466222253843,0.194774354107572,322
"323",0.227345544871067,0.215095871503022,323
"324",0.310652323455123,0.319650924592353,324
"325",0.372172609764107,0.381180283834974,325
"326",0.552503515544274,0.577008211315159,326
"327",0.858294402662566,0.967772323503703,327
"328",0.812327938697645,0.818048597641774,328
"329",0.448835876020713,0.624814426106317,329
"330",0.345275479479173,0.417915455509658,330
"331",0.241171240025087,0.305745447526604,331
"332",0.216270905762196,0.250917282650176,332
"333",0.207718651475211,0.231504147152509,333
"334",0.176158974500831,0.190340491577454,334
"335",0.19024353274794,0.206261738937001,335
"336",0.167585339238526,0.171408820508847,336
"337",0.244031518515197,0.23747995279551,337
"338",0.178578022742453,0.185775095403667,338
"339",0.154405827961809,0.163073760060893,339
"340",0.161234251538652,0.157663000169121,340
"341",0.186863493691741,0.178275487951402,341
"342",0.271149536045313,0.267180598687502,342
"343",0.404311995017884,0.424440808489498,343
"344",0.428482730006185,0.44165962646704,344
"345",0.572096465435277,0.51875309855863,345
"346",0.594823646827339,0.60867953595565,346
"347",0.541477723676268,0.403377091375386,347
"348",0.425938438648686,0.592379564077106,348
"349",0.687993769498562,0.518938084352513,349
"350",0.608655941375941,1.20140816847959,350
"351",1.07668592095502,0.546228186104133,351
"352",0.756002171959247,0.380583741860845,352
"353",0.462569618583804,0.351868756279928,353
"354",0.314397185828871,0.269910641296859,354
"355",0.430728831087201,0.289031395822928,355
"356",0.616042126541524,0.37954998075735,356
"357",1.15629711892803,0.571313967922391,357
"358",1.25159517737514,0.789919534958514,358
"359",1.37514314991847,0.861540749963198,359
"360",1.4040614902337,1.15435821884619,360
"361",1.93819410089085,1.52775874219334,361
"362",2.93808196112344,2.01312616781886,362
"363",3.47369064715206,2.40167021694154,363
"364",2.22896494200606,1.69565251202613,364
"365",1.50631366407572,1.23537199201272,365
"366",1.5366024819163,1.38150176145914,366
"367",1.3151644773222,1.51954911954472,367
"368",1.60193141373383,2.41625051252095,368
"369",1.07719496429066,1.48636456447424,369
"370",1.29916455635031,0.936993674632824,370
"371",0.789108473700402,0.422294855192922,371
"372",0.671283935203596,0.524404559205072,372
"373",0.484584494690097,0.351420712217852,373
"374",0.300757576529336,0.241631595734627,374
"375",0.303930789363728,0.241763604610098,375
"376",0.291599608712637,0.261726249631714,376
"377",0.433353160774278,0.389374116680104,377
"378",0.397696353313475,0.363688768895974,378
"379",0.459140730032377,0.506554279929947,379
"380",0.441082679235096,0.483277349649495,380
"381",0.276447063683184,0.306016209398088,381
"382",0.269298548210233,0.275171846927736,382
"383",0.346301078824679,0.334601986491325,383
"384",0.373100045925821,0.404612486821982,384
"385",0.509056098516714,0.5954049089928,385
