"","Gi1","Gi2","Go","Gslo","Gssh","num"
"1",7.71311039685675,8.4374520912532,9.60794989979766,140.526023848691,127.067465932049,1
"2",7.13861842757515,7.25143500539165,10.9604351082084,108.876721779791,82.6972398101219,2
"3",5.67548251459132,8.6966890452177,9.41999875892086,87.0040510113632,53.6871883468588,3
"4",4.39615019626821,6.27551138914039,7.12133387749127,68.2987640600685,35.6335603599524,4
"5",3.50496604478638,4.49032925048602,5.80542638276874,41.8315211469368,19.4307598665458,5
"6",3.82420153829277,3.55629704942821,5.21414101595936,33.4742999013906,13.184381444764,6
"7",3.17970795542863,2.89724150162181,4.02230511711236,17.8070855952994,11.6552536581302,7
"8",2.07987365895985,2.26572946339158,3.50511053757571,3.32899445865668,4.32822266338946,8
"9",2.37085460116692,2.18935429739719,3.01837827171537,2.90521971093478,3.3870552092304,9
"10",2.17020875283084,1.84475265313373,2.38399954963263,2.46055765147063,2.98553261840673,10
"11",1.39734267881737,1.27206624020053,1.93852929223344,2.16696759146198,2.65930391334266,11
"12",1.32338498137731,1.18975710413997,1.79142243501115,1.96859620579205,2.04305534896425,12
"13",1.45839660427987,1.31647967751643,1.48251847498101,1.70485179452024,1.66181090780864,13
"14",1.11931392313539,1.02343859078514,1.16329314349366,1.50130046368789,1.68410362417023,14
"15",0.775712032872282,0.695194897467729,1.02716413216412,1.33764675548886,1.4243227162044,15
"16",0.860267303442162,0.869946921603259,1.0033943197387,1.28314467943053,1.1040342845087,16
"17",0.870910144832096,0.872185743035702,0.855683979657437,1.19841874611459,1.01358640851262,17
"18",0.629165020561137,0.615628309980466,0.687775417264805,1.05790182862404,1.01440508009554,18
"19",0.554728737850705,0.543334330887907,0.674524499683984,0.976830868280042,0.89132831007547,19
"20",0.607421727184895,0.657885036054217,0.671639785574796,0.925780425487134,0.773130405853823,20
"21",0.584100430367854,0.598274497538345,0.613175171768815,0.922453605840948,0.796133000407263,21
"22",0.496615826458978,0.458811136165734,0.537447945114913,0.833348183160453,0.76085044938367,22
"23",0.450255138968348,0.500167572856009,0.513221379851894,0.744765445413364,0.678525379060549,23
"24",0.498029095259329,0.536623160020729,0.513323584633373,0.781796949307445,0.682349874850103,24
"25",0.4798344400547,0.439409438953341,0.489885080891539,0.700681928565666,0.643572113381302,25
"26",0.425808926323794,0.401428189199046,0.460677873086544,0.65478170465245,0.606490049571362,26
"27",0.440565264259896,0.437530947344772,0.459506219749744,0.666759375476151,0.591043775075254,27
"28",0.395176675000883,0.389120727964242,0.428281301261394,0.60739924083618,0.55633507571459,28
"29",0.352117802609187,0.288654625160536,0.361132791993035,0.505145368252972,0.500763624868373,29
"30",0.405598936859889,0.335215459814686,0.401116317681643,0.577464607567545,0.486366337228375,30
"31",0.424131077243494,0.395295230420067,0.487382502395118,0.609966661093345,0.540132911953223,31
"32",0.315058415707245,0.299644703942973,0.363303618067818,0.456767041858521,0.430677239882148,32
"33",0.267857879784175,0.262221019310199,0.297270799889502,0.370122844751673,0.344596550749821,33
"34",0.230221251539599,0.23741865472393,0.234546458083176,0.347495580402495,0.343253704203306,34
"35",0.211132535413627,0.19341520494325,0.214482337242816,0.288532721645352,0.277421643205247,35
"36",0.178050369490756,0.167738587735218,0.175426144251086,0.22126117855104,0.21043027733658,36
"37",0.159315735073079,0.141588285702632,0.159990405890691,0.212932280940965,0.195795338307014,37
"38",0.159115070430275,0.146831326609079,0.150966100824702,0.196735922666396,0.177368618576636,38
"39",0.179070560133976,0.16420126361394,0.169216129289216,0.235188240231852,0.181789848458603,39
"40",0.165992099278674,0.143665513797092,0.14777059281844,0.212605110236083,0.173436552273073,40
"41",0.203597723613462,0.180292274994363,0.180319503806655,0.26946084205368,0.23226247075584,41
"42",0.291136095239178,0.271449563228176,0.261023392724443,0.402636834646718,0.320119252344403,42
"43",0.308198919185935,0.30416095385251,0.280321060494491,0.425396335658226,0.32754296862335,43
"44",0.170890121922189,0.166752136037816,0.173726478504107,0.237678667981925,0.193528935066076,44
"45",0.237068898644421,0.253907135708212,0.240320030593107,0.280230466386956,0.281619990892703,45
"46",0.215251825420921,0.202085535357637,0.203121545754397,0.235728505187808,0.230429116572491,46
"47",0.260618891557234,0.2679043096662,0.236855500156299,0.282510988050753,0.277101630687901,47
"48",0.24770118109645,0.262128071372777,0.216318552709067,0.235386573865761,0.268654591947019,48
"49",0.244890971252515,0.253357015069863,0.216331590702936,0.198100636501767,0.240552697885254,49
"50",0.291735625133553,0.310905536781982,0.253880990104201,0.234245733979739,0.290899410983321,50
"51",0.313800473338378,0.34598689537948,0.293141942813851,0.286005978624999,0.343715949812134,51
"52",0.298419300587646,0.394249965276691,0.321987826331933,0.248131741484187,0.316525918547232,52
"53",0.270702922815268,0.32415955706328,0.375986718912309,0.423458415744832,0.441143041393293,53
"54",0.198988430228443,0.312207658872717,0.536226256204809,0.858454547142591,0.83856293499123,54
"55",0.207573612242949,0.260336480831595,0.478381338622595,1.13778639272602,0.77307306743372,55
"56",0.197874972855764,0.195557950883172,0.446416041321283,2.2900811824319,1.11689193344355,56
"57",0.192204754867451,0.24703334410094,0.323724977655119,1.86599557864004,0.739405891000304,57
"58",0.149053109035695,0.235393789474764,0.357034504746926,2.40884067350937,1.03089726805877,58
"59",0.186987404791784,0.169302911048842,0.260053321089566,1.87467311760917,1.46812030147804,59
"60",0.268251415697716,0.145227840303825,0.324775267789193,2.88371897163697,1.46084990696665,60
"61",0.445643778563031,0.139497215245102,0.258498375459965,4.01342738941129,1.42376145269053,61
"62",0.489028108930492,0.135362834393733,0.189780754591642,6.81073547724671,0.810200173375581,62
"63",0.859939965554062,0.170409697975772,0.214210685139343,5.77563238034184,0.66050936559417,63
"64",0.743207419766586,0.339937923680681,0.16430907955746,0.212117231214151,0.39930530431806,64
"65",0.437050787813988,0.490131026501311,0.154221066301088,0.270765058393453,0.38292356223112,65
"66",0.275280384530288,0.420831008306316,0.149920190881292,0.318677288770773,0.33108269582141,66
"67",0.199357052815496,0.258538673655857,0.140645414376763,0.277777051692971,0.311874729520386,67
"68",0.187807596780254,0.193178964420704,0.199463390669764,0.351544152381751,0.356770593807133,68
"69",0.160610973708054,0.167281021833027,0.209790717069207,0.308029901633229,0.302724388823277,69
"70",0.165658227743967,0.125978068964637,0.219477661755671,0.230971744393919,0.235228886520972,70
"71",0.164406911220715,0.120680482597353,0.180514113776791,0.258055483289698,0.259946335481114,71
"72",0.127781283174755,0.16093331386391,0.242890544893084,0.191001325593212,0.189332773851906,72
"73",0.135494568692154,0.177516589369483,0.199136988700348,0.205592392257352,0.180651308263491,73
"74",0.15253556743265,0.136796944712412,0.137194966639715,0.217496285693868,0.189960608673138,74
"75",0.145946964632057,0.115988217090475,0.134597343257275,0.197149400604649,0.18799306690681,75
"76",0.140214921272038,0.121891397236905,0.118139101984907,0.181248138258381,0.164838213700442,76
"77",0.143632506730824,0.1485621671269,0.125884984920319,0.217813341629503,0.173550349175185,77
"78",0.155162020175565,0.152598942095622,0.137415887462702,0.249804006090716,0.205716226013234,78
"79",0.14003885692719,0.133054674886517,0.130324194553372,0.213007649972227,0.189286572863577,79
"80",0.146145809438606,0.138816695328787,0.13638386356034,0.221524475667085,0.179798456427982,80
"81",0.172656148705329,0.158778522078816,0.156541962616623,0.289334525669256,0.215650905398928,81
"82",0.175201742928201,0.163401639129296,0.177186248060947,0.312308370848453,0.249941064399283,82
"83",0.174954874546585,0.164285752470389,0.183044465617053,0.295842977900321,0.248565945289544,83
"84",0.206146314098558,0.186176480573936,0.197243705590356,0.349630400706594,0.267597730317183,84
"85",0.247618651400053,0.238715127832332,0.252387335227432,0.445170617121661,0.341724942851007,85
"86",0.263876092090375,0.248600545719088,0.271183707157942,0.475040849354635,0.381271755761209,86
"87",0.29830480787205,0.267179879481038,0.300120858495509,0.52150730031279,0.441114266876819,87
"88",0.418580592733716,0.398583868116009,0.434553005040808,0.718106068973989,0.586921891981545,88
"89",0.452392645775993,0.447354395924464,0.525654996207942,0.773228059238647,0.624011847645477,89
"90",0.553414633475021,0.472191347427475,0.504361788501569,0.866752489167004,0.765821428161394,90
"91",1.01074831167421,0.517090641519962,0.586761646399634,0.861783278628844,0.833740539823606,91
"92",0.994042450023431,0.419978392412434,0.476292705835274,0.664098236892992,0.710514764724492,92
"93",0.561879989339242,0.561550857713761,0.617762155485329,0.840791188723429,0.819735175220939,93
"94",0.490833794502117,0.399376250383149,0.429442140549155,0.586814613812986,0.544835240374483,94
"95",0.686753698521436,0.474679347694364,0.480571871380894,0.615819232172509,0.603002214919255,95
"96",0.449802119231251,0.532126440826731,0.583610774782653,0.650309628810592,0.623875274180039,96
"97",0.531558213061099,0.510238822934878,0.660363938814868,0.823035363421409,0.701368418084342,97
"98",0.570038143711666,0.674243554863281,0.599966605827888,0.795949052424822,0.679287409438283,98
"99",0.427140308330869,0.408763207537988,0.425254327375576,0.556276367263671,0.451780292860092,99
"100",0.467206515367435,0.434409366804299,0.28894551518264,0.659656965538708,0.510274119493707,100
"101",0.504148788743316,0.471468499888644,0.265712692606108,0.685636935615755,0.529666003377678,101
"102",0.343297283613194,0.332306841695717,0.334230406405451,0.473408788696145,0.361774869099239,102
"103",0.289778531521098,0.292278042925547,0.318475621574838,0.448580496333127,0.33064406791457,103
"104",0.378436285962973,0.369083256847551,0.234073937082287,0.608487271763199,0.443991032341721,104
"105",0.362062680734805,0.328294089268593,0.256630674550322,0.570134118494528,0.429465396018807,105
"106",0.267210852253201,0.241886234506265,0.357541522906576,0.420942855610936,0.300910090208381,106
"107",0.309571583354956,0.30308795384845,0.331912986876242,0.564160856251673,0.379401720571305,107
"108",0.42040940437176,0.395109686050462,0.254899624518112,0.70525191514449,0.5410556448719,108
"109",0.396745639489308,0.409870132450516,0.347780174729373,0.5253887734554,0.459020094390693,109
"110",0.37051409612501,0.393389202971811,0.399405277114356,0.501701929579289,0.399871220277277,110
"111",0.598802563928982,0.609365560182518,0.408408246241733,0.663644113446906,0.551836339739307,111
"112",0.584435846006578,0.52220256143706,0.446501466710789,0.689059918859692,0.617967278247506,112
"113",0.746774711179203,0.618736904047445,0.283856240734082,0.915533423504966,0.872326743464589,113
"114",0.691488727892705,0.58623989030356,0.290276847125049,0.863229860666888,0.774229862217677,114
"115",0.491494010931315,0.58042607565958,0.435259869639259,0.703066852146455,0.64720232001149,115
"116",0.359450203550552,0.453709903241123,0.397444148035361,0.538272319203543,0.503697877530911,116
"117",0.423216572708794,0.507636521819588,0.463231912210213,0.636812390936764,0.571340763242857,117
"118",0.385168440055127,0.435624472305895,0.394400460542726,0.586298679268695,0.523915751514678,118
"119",0.431175107774167,0.466823540599467,0.402332441635107,0.585473028534114,0.492419713312656,119
"120",0.287412957436264,0.328260524606757,0.282554244601672,0.414342457812543,0.33413877721971,120
"121",0.254634502728305,0.284403229248976,0.249279834239681,0.338492007737212,0.292279116428112,121
"122",0.294401912425104,0.350961406602042,0.28133671284855,0.393445932333806,0.342792404897352,122
"123",0.266792913437951,0.302942166648622,0.252351433957956,0.363986300805334,0.301763926346921,123
"124",0.213808441186398,0.231966382250783,0.198600702940466,0.27333922385669,0.231097407682402,124
"125",0.230823495945671,0.263443657809035,0.227423962241607,0.284371313984325,0.261644517316744,125
"126",0.270997127749608,0.299341004275851,0.263466321592089,0.348938087082618,0.319475566597131,126
"127",0.234212714686794,0.244388501245102,0.221421449498483,0.301318504086152,0.267919348244703,127
"128",0.240755402579441,0.25253534649228,0.234627488966849,0.299544492811057,0.29191178608855,128
"129",0.340271093929413,0.353879349144094,0.331490129470867,0.402801885980257,0.412510934554219,129
"130",0.330435495593025,0.326157133908581,0.335261550278373,0.402416781366401,0.401506867137582,130
"131",0.390136984229154,0.370487202429098,0.39022811282843,0.486769086166048,0.501129606490504,131
"132",0.352180080392674,0.321137885809287,0.348883631337347,0.474431497650484,0.457487646769573,132
"133",0.251489597099275,0.23877246415789,0.258959672050825,0.362583058447647,0.331109441485129,133
"134",0.294507214339729,0.288888129529591,0.33445134499084,0.396224525493114,0.398160932527942,134
"135",0.353246722065476,0.331678561045488,0.392250821533791,0.518093709404315,0.513656807353822,135
"136",0.26626337662943,0.256424955606521,0.293910430591882,0.45080905163958,0.425046790726516,136
"137",0.263479738180058,0.244633885103481,0.284374924032801,0.388155060471179,0.441678994272615,137
"138",0.425777264117937,0.389299356920067,0.450661845176389,0.574126179568869,0.679484902311603,138
"139",0.408989131139272,0.380046823404585,0.457164885214972,0.623527476207854,0.631473567276925,139
"140",0.31647422923524,0.311194605046024,0.38828811574261,0.526852703831893,0.539136937448805,140
"141",0.482782838381098,0.469999779137567,0.61297287482308,0.802745664286211,0.850000875020998,141
"142",0.561443830343902,0.501498362251196,0.657952819534527,0.890943847333822,0.907150915823906,142
"143",0.440887468277151,0.369894240259712,0.453751014480131,0.691979812230467,0.669825561236704,143
"144",0.454836289144402,0.317860074004823,0.43900722680096,0.658182480923067,0.633635885333859,144
"145",0.269999594937062,0.226426947662278,0.290100162772564,0.426849779044472,0.436756989099707,145
"146",0.226947839789232,0.160298210635116,0.220199703338735,0.321565073714787,0.350165811517449,146
"147",0.275840575304708,0.216673466228767,0.285666921483576,0.348453606038217,0.378502878633128,147
"148",0.254550867106604,0.2052419800609,0.250032561888296,0.282270836250156,0.358547191840053,148
"149",0.186051930288757,0.17306358358321,0.177571975568485,0.223589522953185,0.263298900981053,149
"150",0.22775677035049,0.226797998506417,0.215232094672908,0.268426974499369,0.301277278468318,150
"151",0.253733039553506,0.257520985864408,0.241007743330025,0.278349729786661,0.317243269310117,151
"152",0.188992528766796,0.19283252384648,0.185938980955398,0.208643806696359,0.228753232768803,152
"153",0.188831739539773,0.19481493070892,0.17426301736673,0.208436353508168,0.224202021684518,153
"154",0.269414852283588,0.272842415361661,0.261747245523838,0.297004818275382,0.333189884836098,154
"155",0.264447716507542,0.273092556981058,0.267018322634598,0.2906056204329,0.326124038759523,155
"156",0.220926241633356,0.254358002552541,0.209721964684858,0.261736863857533,0.26181608964284,156
"157",0.305746056827588,0.379697367146837,0.300860890719865,0.385693655433692,0.390970694610426,157
"158",0.304640110318261,0.358486563740103,0.313476213375353,0.390227265500655,0.40450269937936,158
"159",0.236950904964349,0.283667943844508,0.242787676561286,0.335415842235348,0.332417271904187,159
"160",0.268437964466056,0.359087505467948,0.304883035921181,0.430171643326086,0.425123915614943,160
"161",0.336713971104179,0.445826320366318,0.423254121160438,0.540855489683436,0.512094540769081,161
"162",0.354363947963871,0.67024558658272,0.767026772206169,0.820616108556663,0.748898871318214,162
"163",0.489821551866825,0.734026692453198,0.854848770517565,0.92429713910039,0.842902996110142,163
"164",0.399494893638062,0.484424035121365,0.475800895240582,0.575339893929999,0.555351408816812,164
"165",0.503521690118412,0.495125583739808,0.474478701302419,0.443606127667755,0.515143810305328,165
"166",0.40408507133906,0.438678452671552,0.358186101690535,0.356649859148554,0.441405755208048,166
"167",0.508156747787316,0.54747383756156,0.396974767099174,0.451184153537619,0.537640643573837,167
"168",0.45051980436724,0.551569527408352,0.379950425320383,0.469394620966889,0.559296953306733,168
"169",0.419139888430201,0.5900735875003,0.413236508545528,0.470771103759433,0.582298365085082,169
"170",0.247150235547291,0.361508424904396,0.29241550316214,0.321645618791953,0.376676133710159,170
"171",0.217411262213432,0.287896161822012,0.251351326754766,0.282699765129505,0.322446218884957,171
"172",0.281905714016097,0.329385708805888,0.305808467670146,0.354940916806452,0.395191482982886,172
"173",0.246995092224138,0.256616053159144,0.246360791523253,0.291220171477207,0.339934346195916,173
"174",0.20515027947228,0.199717369034035,0.210247602182035,0.249471746198797,0.280990270546385,174
"175",0.270694831601783,0.212549387975209,0.252442368546982,0.321775321638967,0.343639350565692,175
"176",0.292440020933294,0.166060287798789,0.276306214428108,0.358955006661765,0.366698225038174,176
"177",0.525767921438097,0.313447846878904,0.362444321801142,0.567776006347687,0.549953963572833,177
"178",0.58492258617405,0.537098522070404,0.470876381779583,0.78641517005234,0.797568646741204,178
"179",0.350247441011568,0.537494343950581,0.3790978496032,0.554551331450937,0.545707900778645,179
"180",0.471958352081937,0.509851960651835,0.492910345973655,0.569706498337228,0.620569965877461,180
"181",0.466261671692661,0.463057354173412,0.466852129733138,0.709309299550109,0.785584810651767,181
"182",0.364076378400619,0.339126855217181,0.359851835489411,0.404522414473989,0.402249165348016,182
"183",0.248063668282385,0.235298715828068,0.250608347057034,0.321495282035844,0.312265506711587,183
"184",0.224282939710617,0.22686133782624,0.222301986595887,0.289146352575034,0.260567695661093,184
"185",0.212954395342622,0.185590472920339,0.214557701585113,0.262934464827006,0.246378690997823,185
"186",0.243019063606253,0.185861435851488,0.270644110010393,0.283289662661073,0.282524402628263,186
"187",0.211737861456194,0.176451205125066,0.206556356872395,0.247203116135804,0.246071500881261,187
"188",0.245352108371364,0.222688154219918,0.245771689871921,0.281578573265224,0.301034488801465,188
"189",0.332768470510686,0.318306439858745,0.332617589863832,0.400853573945442,0.4330880278982,189
"190",0.321655554907934,0.292112418833154,0.302664826523388,0.386238446170681,0.371220254799774,190
"191",0.280506203104992,0.250644042604006,0.297203882722777,0.340800587712416,0.33658927797094,191
"192",0.228980163538032,0.196350250622332,0.237721155130663,0.274362520318307,0.266574769103056,192
"193",0.20027829391891,0.185855725309726,0.201103182021664,0.233314240793793,0.230745790367935,193
"194",0.197057810030094,0.176431531871097,0.1933008590058,0.24836223016278,0.237597158518195,194
"195",0.189543084429695,0.176690680007107,0.177556757769266,0.228463519289859,0.216369293013851,195
"196",0.197944521058437,0.193405690322157,0.197308845613796,0.272389373263659,0.251789150641326,196
"197",0.201090160198087,0.200765249572611,0.205260037600094,0.268049443836503,0.236154045532187,197
"198",0.259281140725981,0.249847644744873,0.261269573732039,0.378600109652266,0.340724999224449,198
"199",0.34090390144451,0.342684351783543,0.347211590042118,0.472285145780572,0.406536035688545,199
"200",0.500115088994011,0.498667130483895,0.558452558356264,0.702223298877675,0.621031200303414,200
"201",0.544457632611002,0.507612359762831,0.591740980690753,0.729282096807167,0.706741496404507,201
"202",0.765407012773409,0.748806781257575,0.749635774638209,0.940018459885904,1.02238512432341,202
"203",0.669199436314147,0.698596652445429,0.713357623754079,0.813231249160739,0.970290733986876,203
"204",0.653879786729448,0.635127965950885,0.574055089583838,0.793606183919696,0.900439618150032,204
"205",0.480894068497453,0.442770749075455,0.430943031817361,0.588814397363809,0.660170980656252,205
"206",0.552854731670645,0.527930461652854,0.512544170262312,0.734707939283831,0.760896956659449,206
"207",0.589848901834721,0.605836892476339,0.582107014355175,0.829957989683814,0.856486912705552,207
"208",0.507908933877536,0.49244677477104,0.500695785505825,0.704009870035632,0.712498653480105,208
"209",0.371481733910235,0.368204112119449,0.399183472979619,0.546038461316459,0.538120196286803,209
"210",0.429034938474498,0.409513813877483,0.498612945416149,0.675814249158009,0.670579795311313,210
"211",0.485936416738454,0.447732884742329,0.531659127188161,0.702181032155609,0.699508838144817,211
"212",0.376398223688872,0.347417502963128,0.399023983764028,0.533917517938629,0.509411912534574,212
"213",0.34051597472458,0.329896067818744,0.421409451526784,0.55450977634206,0.544463172247831,213
"214",0.384843404165926,0.368404042906319,0.432632139374703,0.599634519475288,0.573721644993263,214
"215",0.238212641630331,0.223030367205499,0.237925369901588,0.354115093424551,0.338200952556809,215
"216",0.210013757790684,0.187386655565654,0.214008170925077,0.297875434391701,0.291858009233197,216
"217",0.163619756505225,0.153298925294827,0.166195372934083,0.224624827204293,0.220208066365996,217
"218",0.140281741052206,0.129411690317239,0.141882997797127,0.187856150406018,0.178134731142288,218
"219",0.127897307403672,0.12444086991974,0.124915593464755,0.14746096206444,0.139231542796249,219
"220",0.116862955395615,0.113552288247349,0.113164682959443,0.141417092315537,0.125542141897833,220
"221",0.116357245760276,0.111602790651721,0.106812484971036,0.134041460752638,0.120242289872543,221
"222",0.117407013231717,0.115398993616601,0.113611602845278,0.158789410596048,0.126520463684739,222
"223",0.133081225675413,0.129052136869489,0.125572029501021,0.188798793406365,0.141197665014484,223
"224",0.149275159661192,0.145524389985891,0.144150588389054,0.203963876487818,0.150532656371165,224
"225",0.217840616345496,0.20944154903648,0.208222133557257,0.302674650602982,0.230493914597712,225
"226",0.193204652362054,0.18753526560412,0.171110643154457,0.311959234618655,0.208652515545319,226
"227",0.206373022613851,0.226902008969753,0.214077489590558,0.303902691234304,0.217973979403256,227
"228",0.32522610485293,0.371316862528442,0.331823427687499,0.461285645530208,0.347480575263544,228
"229",0.332617985895579,0.388493969910285,0.342078508072246,0.581158442378155,0.405255818704596,229
"230",0.462211546438166,0.447802857182004,0.494875999658275,0.790243937254681,0.517662282427738,230
"231",0.454410750705325,0.461307946613109,0.95192983621502,1.29190212257958,0.716337262954613,231
"232",0.96693903308235,0.89447672668557,2.16798511243277,1.94409383322346,1.66832110920687,232
"233",1.39407860756969,1.6629034611816,2.30264571036862,2.02529832857286,1.29742372316857,233
"234",1.71791087468361,2.52268842997531,2.82429548222779,1.65084360195424,1.77148098368041,234
"235",0.862263811443844,1.61541213568731,1.57229957049565,1.31877754781836,1.18694972337071,235
"236",0.727485323988975,1.09158742914385,0.890345499820724,0.830231209643639,0.84394186472376,236
"237",0.476236377515866,0.474590541719887,0.644671601025222,0.664617251832292,0.617880314167063,237
"238",0.288187826416599,0.266261410004024,0.285314694641009,0.402252206465572,0.316130133817261,238
"239",0.210222889526139,0.20023650671911,0.20123171867172,0.329428722773792,0.252021875059593,239
"240",0.167566939318338,0.168045319122675,0.169229805831423,0.248102597705285,0.187297592737914,240
"241",0.187243693378523,0.189600287675074,0.218730997790669,0.298244069593701,0.246135565157265,241
"242",0.192391542362617,0.200018112632062,0.215838053068343,0.328252049760467,0.267473723982959,242
"243",0.153510744037928,0.174813850020997,0.162217521161409,0.235459721941327,0.195526157174747,243
"244",0.16406157417681,0.166732851656603,0.179310449722456,0.226593485184093,0.204646735707333,244
"245",0.201580042080367,0.2173994265229,0.242665387766363,0.307129033869147,0.274649276025634,245
"246",0.198183977660618,0.228067663397356,0.218371934329008,0.312023166178522,0.275068172043775,246
"247",0.17386514857548,0.183177197928098,0.18657334905885,0.243151597233832,0.224834016664305,247
"248",0.199679334257658,0.206428955262249,0.231082316394686,0.283834593902718,0.277582947927643,248
"249",0.246779259138957,0.255505615734228,0.265838949203642,0.381548237299873,0.35901173787355,249
"250",0.219676956335283,0.22092691727447,0.235836696738442,0.337716614949034,0.325487224538096,250
"251",0.225197439904329,0.231829310195142,0.253169674424285,0.326459211746639,0.328639349979571,251
"252",0.303426089927049,0.307402703921928,0.332847887374331,0.452349781579239,0.457556926909306,252
"253",0.307220784029036,0.302343172967946,0.368851657673212,0.498607683870933,0.482412446804692,253
"254",0.378345456489574,0.32726103104334,0.441495805078597,0.626700163854985,0.624125563075959,254
"255",0.359311712459095,0.356936068311292,0.451049250150849,0.62769167996617,0.629975993658001,255
"256",0.239751710029931,0.239560206065754,0.28259976769394,0.418632317454136,0.420680465972812,256
"257",0.272574937837442,0.278456193484622,0.284558353791143,0.442259260118934,0.484414843795692,257
"258",0.263864530161602,0.266361912754107,0.296385022833989,0.442120456396185,0.448808025718082,258
"259",0.219152210481518,0.214518319025147,0.245250301500979,0.332860675885269,0.350991511880083,259
"260",0.175783363084074,0.170974501175121,0.184376146290912,0.236590662525228,0.255943115295897,260
"261",0.134146534751615,0.13445437074011,0.14258089420432,0.173113924337854,0.185980359868011,261
"262",0.121630567186848,0.118438167203574,0.123308947483619,0.138394173208028,0.146455233222749,262
"263",0.117193776791373,0.113141837345693,0.114761179929802,0.124751367797858,0.12532460324305,263
"264",0.122032590224484,0.119630352837687,0.115674234199067,0.121148965247721,0.116347636121648,264
"265",0.123986729862363,0.121983990605606,0.11826796317065,0.135976235824716,0.119961071591133,265
"266",0.142902899063479,0.141210049634408,0.131894358942882,0.163775673406888,0.147354895324091,266
"267",0.188244937759942,0.189807209363688,0.176110753125913,0.235693220317157,0.209016446874434,267
"268",0.212490949514568,0.218530217787069,0.198433295647242,0.264192213301836,0.236845652867993,268
"269",0.330812414326019,0.336083842640322,0.320467748898221,0.399951819061756,0.375067550198698,269
"270",0.312712496157808,0.314628516217796,0.316173369976997,0.419550504139119,0.366650408076768,270
"271",0.239385943903077,0.246025805188404,0.250796074087914,0.34956783770095,0.283122810249439,271
"272",0.364908495913677,0.368802766438032,0.379966043790817,0.473285971651126,0.408590972099458,272
"273",0.464868817530923,0.471636359366666,0.503824580519714,0.634260854258677,0.547560294537611,273
"274",0.412487654127143,0.402988295267968,0.427254754552219,0.587109676039941,0.466680193154466,274
"275",0.447603061950677,0.459109671702053,0.483742207593511,0.565907315951601,0.463554071866637,275
"276",0.666634041421433,0.663108826637723,0.70045372168045,0.854382274315547,0.762715982106624,276
"277",0.727127612035838,0.733983470275437,0.730742759136243,1.03960065996787,0.835013088867897,277
"278",0.638049294989029,0.77880471575581,0.845998431762612,0.743816136200814,0.567647781137158,278
"279",0.829452438247393,0.939582132742532,0.957701266441667,0.715771941639883,0.572908931863257,279
"280",0.652224598451349,0.571829238196666,0.604891962975239,0.503750094406925,0.408112503469164,280
"281",0.604287429701272,0.629338849507485,0.649758561490435,0.536158606293334,0.444677697959542,281
"282",0.404237038134781,0.455919970475067,0.419101673398356,0.65138659755162,0.5481480324206,282
"283",0.530349566292731,0.563407122630511,0.463836565840801,0.56200319060615,0.487679297053851,283
"284",0.550309529144062,0.627265518268959,0.602379866609696,0.491607601638458,0.446407221270703,284
"285",0.765655652761836,0.69174375594977,0.883230936543817,0.574029163960963,0.538508074502167,285
"286",0.672402936528707,0.916746759238212,0.690975760600041,0.585512208884983,0.564217204578019,286
"287",0.522876816601224,0.721662276095184,0.68934542120704,0.491228659116755,0.445295911338362,287
"288",0.891519988322535,0.774690608002358,0.780695321740257,0.755300320918842,0.683733236650367,288
"289",0.982266178131788,0.878797002065597,0.736331478854301,0.823935057466643,0.806701240866772,289
"290",0.685494312813489,0.706008460355099,1.53600333342167,0.668577523955628,0.675025265533535,290
"291",0.765839009848002,1.53566799691515,0.995823587739755,1.01991687604413,1.04458073097095,291
"292",0.724535353719899,1.92660149519699,1.35017407836028,0.814890476793056,1.06511366934043,292
"293",0.694202376703117,0.739549934520887,0.983805645263245,1.11021329797313,2.05604620265952,293
"294",0.618763807792899,0.540986607744405,0.567846690674225,2.04931553797082,1.96638414527156,294
"295",0.454991412528033,0.445605858321879,0.47092147488508,2.64098089401108,2.04087214255301,295
"296",0.338713394096172,0.349666651099639,0.342775761507878,1.34965532841135,1.27314422224524,296
"297",0.306359127314351,0.286135452438408,0.28914192792099,1.55741773859105,1.43503884165597,297
"298",0.29338385605826,0.282335064308263,0.293479705890252,1.11310223447484,1.1497796552056,298
"299",0.261144973837141,0.259559997099988,0.260641069152206,0.281787268978368,0.265280041038319,299
"300",0.211293966548796,0.204243537833849,0.209624705594651,0.224704045132906,0.203301633269094,300
"301",0.206028237887346,0.209067405345553,0.212301659140241,0.215313231748448,0.213371790800298,301
"302",0.231762326126575,0.229860108887435,0.251122598227659,0.246290776961581,0.25766378820204,302
"303",0.222688009433292,0.219523783353864,0.249397021540473,0.232593519042231,0.233332489226894,303
"304",0.189405907197035,0.193737691811596,0.226448316145086,0.198933107697482,0.202417690007341,304
"305",0.207791601061047,0.204699314593879,0.309938791680947,0.217712315687222,0.250778791740818,305
"306",0.256007858322801,0.255522598395901,0.370282352470311,0.270502503040043,0.321204640789101,306
"307",0.251241060609623,0.238246015292016,0.44957344524959,0.274175723302725,0.301308410126973,307
"308",0.250387897222622,0.217912107876952,0.551011962431847,0.2656519435524,0.302052480805579,308
"309",0.493471492994727,0.390012403366256,0.598192995210081,0.46876631361432,0.540219056526529,309
"310",0.583699518147018,0.357209455031699,0.61047778368148,0.542997551673041,0.675838924452571,310
"311",0.512049451696698,0.389724245205213,0.474257999814469,0.677183204741313,0.710991809051547,311
"312",0.345762220236441,0.30761636632533,0.399922145791423,0.745081937091315,0.80077986584704,312
"313",0.255390192207749,0.234614730599724,0.280726564338035,0.648276691424136,0.669302033760366,313
"314",0.223998136127506,0.209940445062407,0.220250868983407,0.522059516785075,0.553557367094651,314
"315",0.175188819461572,0.166082594251348,0.200642427120999,0.347515299964407,0.402906617067267,315
"316",0.174786986068105,0.153622231484238,0.18321144019108,0.289245036153081,0.335291083918381,316
"317",0.163632567441915,0.157720029521408,0.157323273771439,0.206108056496136,0.235539377746779,317
"318",0.191779140930186,0.20231902986182,0.203831743315922,0.188389448008351,0.195583665102845,318
"319",0.195430124984382,0.203563445484272,0.186471816186478,0.198773869667241,0.213530794012907,319
"320",0.228542536125236,0.225942737991656,0.2252611889225,0.204580554956504,0.250649145464494,320
"321",0.232369586799029,0.24194398479924,0.209687534779897,0.228601724033844,0.257638724458139,321
"322",0.359722248113826,0.376616557161382,0.337088100478832,0.345934292145245,0.396022693647431,322
"323",0.538092374343955,0.516707040644865,0.419173400571571,0.478943900085527,0.542216227147164,323
"324",0.485095789859552,0.476251313225059,0.360485862340882,0.339223228357099,0.522881276359157,324
"325",0.438126263574667,0.525137529856864,0.463666923921506,0.478596623201913,0.524712580222068,325
"326",0.325566287341498,0.386003277548583,0.398323793373862,0.315455018966515,0.43365544046412,326
"327",0.236913102905246,0.245539160687984,0.260773412151255,0.23702151614481,0.309036284368701,327
"328",0.24175917448198,0.253402686789936,0.239734379014337,0.237091286268325,0.307558971821034,328
"329",0.252084776797788,0.249888100033729,0.258906115573309,0.263525020554193,0.323039556616007,329
"330",0.218273973613705,0.228511513929754,0.223371142609051,0.240773882200442,0.279545072770797,330
"331",0.201372700110719,0.200859184125312,0.197929054372647,0.220374053411147,0.242992022680413,331
"332",0.231099689558753,0.22985697840066,0.225322674794254,0.255611178362941,0.268241597086027,332
"333",0.250850576593641,0.267486493128655,0.245806574363033,0.309403314336347,0.325680451073351,333
"334",0.210193173164966,0.206838872226089,0.210587575150288,0.270113626004653,0.284600505042619,334
"335",0.222773728374429,0.213165423283762,0.218564871418298,0.279770221670873,0.2875050873106,335
"336",0.301639807780722,0.29550360766802,0.294060423458706,0.39033296029907,0.394362347489027,336
"337",0.299362869108837,0.281539287826285,0.313004944181357,0.406003136749435,0.410033995411589,337
"338",0.268025855059578,0.250807948591996,0.250298636059787,0.36149645765842,0.380121558276248,338
"339",0.36758296840301,0.344699948772852,0.339594950839087,0.485144928239065,0.50760736237627,339
"340",0.458117808164715,0.405363045045005,0.43029647808232,0.577441030981515,0.630713480016418,340
"341",0.410678798879712,0.37677424293589,0.400965958413674,0.562581723079381,0.58664740031898,341
"342",0.462105770363137,0.458695869932372,0.440714099334661,0.621520437172934,0.655517851097177,342
"343",0.671022613310215,0.607670225613796,0.639339428465882,0.876812370877973,0.910705901664317,343
"344",0.714658869909735,0.705836815586578,0.714616910857771,0.942341134102171,0.953510587067633,344
"345",0.770541172134033,0.765566660175454,0.68053948650912,0.949439469809842,0.962569531218685,345
"346",1.14377283486386,1.20915010937253,1.04062397560609,1.34699963339605,1.29849134363613,346
"347",1.55239025975774,1.40551023167239,1.42304801940609,1.76310207614056,1.71422706123848,347
"348",1.55877614774977,1.62141729815206,1.87228907811376,1.78268990043732,1.82238229869702,348
"349",1.42420379892666,1.43440991397994,1.33897827080118,1.6872232568629,1.64853241347475,349
"350",1.12352935197623,1.24614013137146,1.21625503823855,1.50947353154361,1.35632833100032,350
